ItemID,Sentiment,SentimentText
94982,0,@cpuclub what the hell mike died???? Fuck man I always played for that guy in denver. Such a generous and kind dude. Rip 
96856,0,@crystalchappell I'm totally jealous here !  What do I have 2 do 2 get some CC Tweets sent my way   Don't forget your peeps back in NYC..
71468,1,"@Cadistra If it turns out not to be Celiac (I hope!), you might check IBS, which has some of the same symptoms. Easier to cook for, too. "
25447,1,@adammshankman &quot;male a movie&quot;? Freudian slip? hee hee 
13091,1,", hello twitterers!  nothing to do!"
13547,1,&quot;Never Let the fear of striking keep you from playing the game.&quot;-Cinderella Story. 
27701,0,@ahj  How do you see the photos ? were do i go ? 
98478,1,"@corbthfrog OMG, that is truly the most wonderful name I have heard for a kitten in a long time "
87292,1,@ave77 be sure to visit http://www.MedanKu.com 
17220,1,...and writing an essay about monkeys. Best. Punishment. EVAH! 
14287,0,...hope this doesn't set J up for a fear of needles for life. 
27469,0,@AgentSullivan I know. I'll stay with you for the weekend and slowly move back to my place.  It's going to be really quiet without you.
6256,0,#dontyouhate not being around the people you love/care about 
86720,0,@ChantiParnell Don't make me jelouse 
86452,1,@chambernic haha yay!!!!! cute shades btw 
60156,1,@biancaconsunji excellent copies  I love this kind of resurrecting things on pictures! Looking forward to more in the future!
55717,1,@BabyboomerGeek What do you think is the best twitter tool? I like tweet later. http://www.tweetlater.com/86234.html 
68818,0,@bsneed23 LOL! Lucky you... I don't know why I can't sleep  I have to be up at like 8 I'm gonna be so tired.
2731,0," I have a sick @posty today. He has a headache, cough, sore throat.  He is curled up on the couch."
2142,1, good i hope not my love because im in love with u and dont wanna lose u
29699,0,@adamasity_bebe I miss u too  see u on monday
78657,0,@cececov girl....... They're at it again  when you get to a computer to remove em from yours can you do mine too?!?
70589,0,@andrewwoodhouse Yep. Radio it is 
97973,1,@comeagainjen I come from MIchigan 
20182,1,"@_wendy_r_ we bought tix to see it tomorrow, WITH 3D glasses! we'll have to take a sequel to that prior photo "
88485,1,"@aza1234 your welcome, and thanks to you! "
37577,0,"@AmandaMallard i'm not at chaseton's either  please don't die, my heart will be really sad"
89332,0,@BabeNatasha i dunno... i only use the app version 
10189,0,&quot;Maybe you'll send me bbm's&quot; Haha lauren can't believe her last episode is today 
40786,1,"@amoir *huggle* Night babe, stay awesome! "
58555,0,@bellewalk now i really want to see them live. 
39251,1,@amyxstftk bahaha i loook like kung fu panda when i wake up in the morning. 
12428,1,"*Shorty dog has to go out! 8 sigh, I'll brb "
41845,1,@andrevr thanks for the penguin 
69373,0,@BradinBuffalo haha I passed out before I got that invitation 
97087,0,"@CSI_PrintChick Sorry we missed ya'll last night  -- have safe trip home.  I'm in lobby, come see me...??"
78790,1,"@arielswimalott Yes, it was a super sweet movie.  Sounds like you're there too?!  Madly in love that is.  "
64498,1,@BoyceAvenue Oh em gee. Your coming to AZ! (Totally Rhymed)  I can't wait to see you guys again! Hmm.. Perhaps maybe another shout out?Lol
71662,0,"@aneehan what have you written? &amp;&amp; thanks love, they were based off the challenges page. I mean, it was like during season 3 "
40702,1,@amm_amii finally u change ur background ammsss.. congrats! 
92436,1,"@columbiacity craving Umi Sushi &amp; thought of you. Have you been back since @MoniGuzman, you &amp; I were there @ same time? Love that place. "
19055,0,"@_anahs ;-) CALL MEEEEEEEEEEE, I'M BORED!!! "
60371,0,@BigAssBadger Tell Sapphy I said Hi !!! Just trying to get ready for the builders coming in on Thursday- 5 weeks of total disruption due 
23710,1,@abbieupton Thanks sweetie - hey if you smile at @clairemacdonald there might be birthday treats !!!! 
12099,0,"(watching some tv show with a scene in a carnival..) Come To Think Of It, Carnivals Are Creepy! Especially The House Of Mirrors At Night! "
64617,0,@bishab Thanks boo. They are heading to Jamaica 
28271,0,@AboveCommon awww man thats spam 
32199,1,@algonquinrt Bwahahhahah! That is so true... I have heard ice cream sundae topping analogies before but not leftovers!  
15863,0,": uhhh, exams start tuesday.  , this year went by FASSSST!"
63233,0,"@Blueash22 In that case, we may as well get a... case. It would have to be a non-wheaty beer; otherwise, I would be doubly punished. "
63722,0,@BobMabena no beers  too lazy to go to the bottle store
57425,1,@BeckyBuckwild That was a good one though 
93586,1,@ChristineGrimm Im struggling listening to a very smart presenter wearing a dress and tennis shoes--CREDIBILITY IS SHOT!! 
8878,1,&lt;3 God is on MY Side. 
91321,1,@codecutr you know it!  i think it's the first time we've gone this year that it hasn't been either cold or raining or both.  
45561,1,@AnthonyShelton THANK YOU !! for #FF 
36630,1,@AlexanderRybak You are an AMAZING musician. Your Fairytale performance on Eurovision blew me away. Keep it up! Can't wait to hear more! 
24501,1,@1SHAWNL luv ya still girlie. I mean u iz 30 years old &amp; shit. I expect u too cook breakfast.  smile Hun.
26407,1,@Adrianblee so.. can u help me..? 
79829,0,@candicotton That sucks! I've done that b4  but remember there's plently of fish in the sea!
37554,1,"@All_aboutariel uhh yeahhh,,, i was ready LN, i had  FUN!! Thanks for the FIX!!!! "
20360,1,@_JzL_ happy echelon day  gnight! Sleep well 
72060,1,"@angelaiblackmer and relaying stuff by email, and there was that color thing earlier-- it was a bit too much at once "
54231,1,@BadBoyOfEditing True Blood - nice! No season 2 spoilers please! 
51233,0,@ashley_sunshine yeah if i wasn't a typical college student and poor i totally would  miss you too!
93467,1,@bbb10tamosai Get 100 followers a day using www.tweeterfollow.com Once you add everyone you are on the train or pay vip 
22724,0,"@0summerbreeze0 omg crazy! if ur blowing away, id def blow away the second i stepped outside! i remember last summer was scorching hottt "
31890,1,"@aerobic247 I'm on ulimited texts, I'm a serial texter! "
66572,0,@britaiin  iknowrite
26774,1,@aalaap @9_6 every new app now hav to b compatible to iPhone 3.0 software 
69837,1,"@bunnyteeth ps! would you like to make me a banner, love? i'm still working on it, so you'd have a ton of time!! "
51270,1,@Athirn Ð¥Ð¾ÑÐ¾ÑÐ¸Ð¹ Ð¿ÑÐµÐ·ÐµÐ½ÑÐ°ÑÐ¾Ñ?  ÐÐ»Ð¸ ÑÐµÐ¼ ?  ÐÑÐ¾Ð´Ðµ Ð½Ðµ Ð¿Ð¾ÑÐ¾Ð¶)
57380,1,@amoir You look wonderful not matter what you attire is! 
26029,1,@aditya awesome idea 
80014,1,"@canuck1975 You look like you had a really great time! Congratulations, dude "
45987,1,@antwerpenr interesting shot - my first thought: &quot;who drilled a hole in the North Pole?&quot; 
34067,0,@Ajaylongkaka but what if we don't have a class together. It will be like sad. Ha 
86567,1,@changibedsheets Basti's thing is loading but slowly so I hope I can combine both in the end 
91699,0,@BambiFiasco whoa yeah i def feel youu. i don't even need that unnecessary ass class lls . Spring Commencement 2010 i think i might cry 
46924,1,@Applecored @thisstarchild lawks! think I will need to up my vitamin intake 
15514,1,.what a first day of sc0oL. im exhausted reaLLy.   -_-
81954,1,@cheezo it wud wise to call u twitterbaaz now 
69068,0,"@bpaciorka but it looks so cool! Hey! You're by my house! ... Only, I'm in Louisiana... "
87679,1,@chas_in_aus Thanks so much for the #followfriday love. Really appreciate it! 
52054,1,@aussiemcflyfan hehe cool 
50235,1,"@amara_m It's best they find out now whether they can hang or not  I don't get offended when people unfollow me, after all."
43308,1,"@Anime81 lunch first, then Disney store, Borders, then home for manicures. "
80740,1,@charlestrippy it meannnssss...  You visit naughty websitesss.. Ooo Shame shame 
41165,0,"@amypalko Mom is doing good, but the baby cries a lot (a lot!) and we're already investigating possible food allergies "
53265,1,@B_smak but who is it in relation to? you just randomly said it. so i'm pretty sure.. YOU are the nob 
19352,1,"@ #Tesco, like my fish display?  Lemme know what you think! http://twitpic.com/4h4ga"
45035,1,@Anthony_y_Tony yesssssssssssssssssssss 
54373,1,@AviMarfia hehe iya you're welcomee 
78691,1,@CalebMasland exciting times for you. you definitely have your priorities in the right places! good luck with the baby and the training 
99919,1,"@csi_ceri  Knocking on wood for you.   Or erm, whatever weird board on my computer desk is masking itself as wood."
71604,1,@caitlindsmith hehe x  me too x
33243,1,"@aileen2u2 awww, don't be embarrassed  You are more than correct, sweets!"
38872,0,"@amybeth23 me too, but it would be a waste of money as none of the computers in my house are powerful enough to run it "
25992,1,"@87sal87 I'm getting the launch show right now, I'll catch up on it all today  Give me something to look forward to lol *random hugs* "
20502,1,@ work cnt wait till friday going to GA suprising the pops for Daddy's Day 
7183,0,#squarespace needs for Larry to get back w/ my car 
49530,0,"@ashleyrhea heyyy, i couldn't call you tonight to go out  my phone still isn't turned on. did you have fun? what are you doing tuesday?"
97182,1,@cnganesh I have seen it.. esp for alba 
90802,1,@CMTwitterhouse and Johnny Depp in certain roles  I've fallen in love with him several times ;-)
58058,0,"@BEETLEbum_  meh that sucks, soz!"
30539,1,@Admance Is it still raining down there? 
58014,1,@bearded_stu ooo the hobbit follows 
33542,1,@aimeeeex: Its kinda sad because i dont know how to cookk.. And thank you 
48290,0,@art_pollution OH MY gosh!  Wow I am so sorry!  
45786,0,@Anyelday I would be sad too!  What does your hubby do that you haven't seen him?
72958,0,"@Britt7094 Oh, that's sad  Bad dog"
60643,1,@BerlyAnne A part of the great conspiracy I am sure   
3175,0, nuffin more eckkky that i cant take beside being disrespect is :O being ignore...blahhhhhhh
18887,1,:: Just finished watching my daily dose of Philippine soap opera. Mas updated yata ako ngayon kaysa dati na nasa Pinas ako. 
90709,1,@CHIOMA_ im glad ur back babezzz so much BS around here i missed ya 
71074,0,"@CA_Young am semi-tempted to see if this will set off the web filter at work, but probably not best idea given latest unemployment stats "
31919,1,@Alexnesia haha maybe  my thumbs paying for it today though
93102,1,@ConciseKilgore your welcommmmmme!!  btw..i heard you were at a strip bar last nite??? tavie...tavie...tavie........ tsk tsk!!!
57772,1,"@AmyClipston Go with the muses or the meat-free Mondays??? Heck, I'll do both!  LOL!  Thx, Amy!  "
41728,0,@andopolis  thats no good...
13027,0,*yawns* going to bed to wrap up an amazing weekend!  Back to the proverbial grind tomorrow 
31899,1,"@aerynblack Buying an iPhone! Ahhh, you really want to see those @dramamagazine pictures badly, don't you? "
58070,1,@bearskunk ooh go you with your ibook! welcome to the apple world 
21119,0,"@_annie2 @davidismyangel Thanks, i'm not sneezing as much but my head hurts. "
52318,0,@avb252 i think i'm not going any where  boringggg
98099,1,@compsolutions That was one ?B tweet. 
28366,1,@absolutions i do! i was away from the internet for so long...*hugs internet*...but at least i'm back in time for porn battle.  
90586,1,@CManzzzz Yup.... A little sad but at least i have 3 peeps i know who are reading and reply 
53140,0,"@azrillunatic: @xmellyssax ooo tu bkn problem tweetdeck, tu sbb internet connection u slow, i dok kerap jadik.. : ye ke? ok. now i know "
92272,1,"@bareftbeachbaby sounds like a good problem... the herdsires, not the weeds.  "
40406,1,@ambermaishment yes you are obsessed but its a good thing baby  becuase now im not on my own in the land of twitter from rml ;)
23984,1,@1root oh yeees! I like Terminator too! 
87896,0,@ChayaChilde - I wish 
88391,1,@Cindralove wow... that's pretty good.    oh and geeksquad sucks total ass.  good luck with whatever that is...
69985,0,"@BrandyandIce there not playing till 5.15, can't watch tho , it's on setanta "
82448,0,"@cArtPhotography nope still all messed up   @couldbestudios is going to try to fix it this weekend, thank goodness...!"
42918,1,@ANGIEB222 oh wow! So now I gotta make sure I come @ you correct 
4803,0,#dontyouhate when ppl update too fast and you cant keep up 
63537,1,@BNow Thanks @BNow! 
51027,1,@amelliathebeast nawwww thankyouu 
19842,1,@ Midnight I will soon be in Dreamland and hopefully dream another dream for inspiration in the future!!! Lets think good thoughts now 
23871,1,@abideedles mm! you're just torturing me today  my girls are out playing in josie's little pool.
45816,1,@alitherunner I posted pics of the new puppy but can't repost from my cell. You could scroll down or I'll repost when home. 
12650,0,*Not* upgrading to iPhone OS 3.0 as @iphonemms doesn't work. Apple won't approve the latest version 
68294,0,@amyshell Hope so! 
40944,0,@amybarton Hope your son is okay! 
95024,1,@ciaobella6 i found yea 
62297,0,"@bkkrakora ew, i used to get &quot;suicides&quot; in high school and mix like 5 sodas together. then drink it. i think i remember enjoying it, too. "
70878,1,@Bwrenn  how you been?
61223,1,@bfhguides Thats cool 
9113,1,#andyclemmensen #bradiewebb #shaundiviney #shortstack 
30189,0,@adammshankman i didnt think max should have gone 
69617,1,@brainychick25 hahaha! Who eats ThE mOst? 
22960,1,@aah1981  thats hot. 
52402,1,"@avi_kaye Well, it's not all about that single subject!  It covers a whole lot, 4000 years of history"
17918,0,@ Iowafoodcoop.  Hearing about my Leg of Lamb.  Sally just hung up on me. 
55416,1,"@basgr If you need help, just tell me. I live 15 minutes away from the airport "
98290,1,@Cookie_Day ahw your username is cute  haha
17097,0,"@ the mall, with char and ron.  "
45192,1,@antipov Thank you. 
28723,1,@abster5  ummmmm you get to meet my &quot;boyyyyyfriendd.&quot;
23457,1,@AaronMonheim Thanks. I'll bitch at him later. Glad you got there safe/Sorry I missed you yesterday/Have a good summer big bro! 
48524,1,"@artyjill Yep, lot of good scenery here  whereabouts did you visit when you were here?"
44677,0,@annosuperstar Need Anno time too. 
77938,1,"@cazm s'what I expected, but you lose nothing by asking "
7966,1,#spotify: one of the biggest joys of being european 
5831,1,#BGT Dream Bears - Hahaha I love you guys...even with the 'wardrobe problem. Lol 
99375,0,@creativetallis mine no working yet 
29670,0,@akomuzikera HAHAHAHAHAH I thought I was following you already..I don't know what happened. sorry ha? 
46719,1,@aplusk I know aye... late night!! LOL~ XOXO 
22785,0,@101wrif We already know what's next for the Wings-GOLF...  &quot;Still Stung In Detroit&quot;.
11441,0,#squarespace I think everyone is winning but me 
24969,0,@3RDegree09 man i still haven't seen that movie...too bad i'm at work 
18298,1,@_ena_ You call that a crowd? 
14152,1,"&quot;Welcome home asshole&quot;  $1,000,000 to the person who understands that, good luck yall"
9177,1,&quot;I am McLovin&quot; watching superbad 
16536,0,"@ Home for the week end (3 days) , Sophia Antipolis in the French Riviera, unfortunatelly it s raining "
92755,0,"@Bash Oh, I envy you! The sleep saboteur is not sleeping much these days and bf thinks it's fine to go to bed at 2 am and get up at 11 am "
97215,1,@CoachDeb haha no not yet... but i will be soon if i don't get in bed now... so this is my final tweet................ for now 
36374,0,"@alexdechiel I hope it was delicious!!! I &lt;3 ice cream, BUUUUUT it makes my tummy too rumbley "
26721,0,@a_simple_girl Glad someone appreciates my humor. *hugs* and I'm pretty sure I'm gonna be limping again today. Darn foot!  Love you too!
75214,1,@answertowhy i LOVE that show. i think they have an online version of the game! http://www.fox.com/dontforget/features/ 
73642,0,@brodyjenner http://twitpic.com/6ryep - Lmao!!! Oh that's horrible 
85529,1,@aubreyoday http://twitpic.com/6blez - You Look Nice Aubrey! Go Girl 
73782,1,"@Candypants2 I just haven't had a good experience with their phones, but their coverage is fine here "
97091,0,@CSI_PrintChick Whaaa? I have Love songs. Its not there! 
31866,1,@aeontheace Get 100 followers a day using www.tweeteradder.com Once you add everyone you are on the train or pay vip 
62212,1,@bizziefan i know.. that is so stupid bizz.. glad your twitter is working again 
67699,1,@bondibeachgirl i suuure did  hahh. samples of my album and everything  yayy
68064,1,@Bookwhisperer37 i won't! 
97770,1,"@coliwilso  not much blipping lately, but i'll get onto that for you."
61735,1,@billyraycyrus omgg YAY! are you coming to new zealand too? please say you are!  im soo excited ill be in the front row!
37311,1,@amanda_loves_jb and you may be up for a bit with all that caffeine! 
23333,1,@1azylizzie good luck on the move once again 
53302,1,@b4dilist I feel the same way about Saturday! 
68075,0,"@Boomaconda You can't leave us, Bruno! "
89641,0,@chewwbear Oh yeah...lobsters! My dad asked me to buy him a fresh one. Yikes! Weather's not good.  Be going back in June. Yey!
87159,1,@avaiIable My American Flag background is for my American friends i got loads... no its a cross between a kiwi and a scouse..  
10957,0,#mudeideassunto I miss of @isjoin!! 
74400,1,"@cardsforheroes hey cool, would have hated to miss the sunshine "
37707,1,@Alli_Flowers great season ! So who exactlly is Jacob &amp; his friend the loophole finder ?  
32558,0,"@agerstein the update was probably just for the us, i'm in europe "
62720,1,@blind_baseball Thanks so much for your wonderful message! 
75111,1,"@carlitosmum Ohh lush. My Nan lives down in Devon, East Allington (near Totnes) "
77319,1,"@Cath_Preston a message to the Greenford carnivorous fauna, actually - but knock yourself out "
17798,0,@ HaNnah0116  Its a little too late now. My weekend afternoons and evenings are too busy.
69613,0,"@BrainTwitch Boo, I have a project due for a meeting at 10:00 tomorow that I've been working on all night "
41362,0,@AmyyVee byee  cya tomoz!
46882,1,"@Aquabub Not telling! When I go I'm going to hibernate deep inside a secret, warm cave far from the sound of tweeting "
73422,1,@anitasetio @serenetan @maynaseric maybe i record some singing let you check it out 
59211,1,@Beeyezzy i will be the best ost. u can ask any of my friends. I always make sure my friends have a good time. 
67687,0,@bonafide_hustla Welll I no but its hard  I need youu
66821,0,@BritniSherlock Too bad they probably don't have any books about pink sink 
86361,1,"@AussieCatDoll http://twitpic.com/6q8x3 - Haha then you are so lucky ;D Nah me not, but Im sure she can Btw the pic is rly awesome "
27147,1,@afirmin Please meet the &quot;Poet of Twitter&quot; xox  Lori 
65596,0,@BrentCsutoras not me..   .. but Mike will be there
43162,0,@anguyen33 wish i was there!!!  hope you had fun!! 
2565,0, i dont like the fact my gay best friend is in tears... â¥
97606,0,@CohenOZXDS I'm afraid my theatre exile will go on forever.  
21094,1,@1capplegate re tweet... 
40233,1,@amari_mishca Thanks!  I hope the heat won't get to me 
27004,1,@aaroncues - omg! what did we just get ourselves into?! cant wait to shed lbs!!! 
36291,1,@AlexaRPD scary but exciting 
14074,0,"&quot;through the storms and the night, baby you stood by my side&quot; http://twitpic.com/6g80m  G'night twitterverse! Gym final in the morning "
34060,1,@ajamark Awesome! Travel safe  Are you guys doing a live shoot with the KiPro on the tour and dropping the clip into FCP?
12563,1,&quot;B.Y.O.B. stands for what?&quot; &quot;bring...your...own....bitch!&quot; 
13800,0,"&quot;severe weather outbreak in the midwest,&quot; says weather channel. "
60654,0,"@bernadinee Sims 3 , 11 days to release n 15 days for me to touch the cd "
34829,1,"@Akelaa I don't know, I'm reading the book before Regulators, Desperation. Good catch! "
41093,0,@AndrewDearling its true! was listening 2 mp3 to work &amp;was flickin thru anything not 90s lol...need more on there  wish spotify did that!
37473,1,"@alivicwil Thanks. Just knowing you're there &amp; thinking of us is enough  Oh, unless you wanna lend me $5k ;) Just kidding!"
23449,1,@AaronLHB you got her a watch? Thts sooooo sweet 
13123,1,",,,checked del's new blogsite!!! YAHOO!!! im just excited to what it will bring  go del!"
63102,0,@BlokesLib that made me cry 
21770,1,@_Flik_ You'll have to sweet talk her  make sure she knows you are a hard worker.
44572,1,@AnnCurry Morning 
31486,0,"@adriane_says definitely bout the glowsticks n trance music, and lmao at the weed smokin cant roll, sht thats me "
11120,0,&quot;we're misting each other!&quot; I'm bored already  but jose looks good in that pic.
60154,0,@biancaawesome and we haven't talked in a while 
83291,0,@Chick76 oh no 
49980,1,@amandaperson: niiiight  dream sweetly.
80452,1,@carece Hope your week has been wonderful.  Thank you for the #FF recommendation.    Looking forward to catching up soon.
44912,0,@AnnieDAFG awwww that sucks (( RIP Annies dog 
9166,0,"&quot;house&quot; and holy moly, not a moment 2 soon! "
28699,0,"@AiyerChitra Big time into strobing, eh?  Nice link - Missed it earlier! "
93714,1,@christophermc The Kooks' cover is also really awesome. 
79353,0,@camilleTheJonas hey i want also  hey when you at home so I send you the profile  girl as I sit with she in Bus  I dont sit with she 
83373,0,@askaaronlee I won't recommend this comp until I am put on my countries wall !! won't vote either ! very disappointed my friend ! very !! 
448,0,  I've always seen bits &amp; pieces of Shottas. now I've seen the whole movie...it ends sooooo sad   I'm gonna cry.  
43988,0,"@Annatr0n this is my old one, it wasn't fully deleted apparently, so I reopened! "
24102,0,@aboutlore yeh... it sucks 
74669,1,@annielovee  texty text. Haha
33810,0,@AirJeffreys  aeriel is only off thursday&amp;fridaay babe.
83634,1,@ChilitoTwitts PLEASE CHECK THIS PIC AND COMMENT   http://twitpic.com/6fl6k ME IN A MAGAZINE OF MY CITY
15755,0,": I saw US Postal was hiring, but once I was done filling out the pre-application thingy it didn't show me jobs open in the area. "
62983,1,@BlogKelly i bet you you're someone who &quot;loves&quot; her kids rather than &quot;lover&quot; her kids 
94051,1,@coreydance I love you babe. Thanks for putting up with my bullshit for the past year  You're my everything.
75262,1,"@Carly6vmz Thanks for the follow, I like where your coming from "
12964,1,"*warning*everythang is super funny, delayed responses, randomness, i need sleep but i refuse! so dnt mind me less u wanna mind me "
14298,0,....my heart hurts and i dont know why...i hope no one i know is dying 
86115,0,@chrispalko is that a 'bad' 6.5 out of 10 then? because I consider 6.5 out of 10 to be fairly good man. I'm a big Termnator fan 
63161,0,"@bloodyironist Oh no, poor bb.  I hope he's okay..."
49639,0,@Arrens hehe. pretentious pricks need to be taught a lesson. they hurt my little priest's feelings 
50914,1,@astradaemon try typing in Millionaire Wanted....I wanna see what happens 
3012,0," I spent my sunday arvo, with a bottom feeding vulture, stuck up lawyer chick, gawd there the lowest of scum"
77573,0,@catmatson  thought so   thnx for confirming..
31720,0,@Adrojake one tv  parentals overruled with ncis. i hate my family sometimes hahahah
26202,0,@6morningnews  Got up this morning specifically to see the shuttle (from front yard)      Morning not a total loss thanks to you guys.
59837,1,"@BellaBKNY took a long nap earlier, now I'm wide awake so it's movie time. "
1387,0, Body Of Missing Northern Calif. Girl Found: Police have found the remains of a missing Northern California girl .. http://tr.im/imji
69711,0,"@bummerbash i honestly just left it in my cabinet and the next thing i knew, it was gone! ( i think someone stole it... "
17312,0,@#odna I think I'm out for the night 
92430,1,"@ColtonTran Rochelle is taking your pics? YAY! Haha. She's awesome, gotta love her. Have fun! Hopefully I get to see these shots, yeah? "
46759,0,@aplusk Scariest of all tho' are ventriloquist dummies *shudders* I would have a nervous breakdown if I had to sleep with one in my room 
58130,0,@beforeyoufallx *sigh* it seems you have got to bed  we've been playing phone ping pong all day
2108,1, good dance... make little love... get down tonight...!!!! &lt;3
21584,1,"@23graeme23 Aw thx, Well I think u will be my only followfri this week as I'm tryin to catch up on e-mail &amp; new tracks.. Talk soon tho! "
86446,0,@Chalmes another its taking ages anaw and Av no had nuhin to eat all day 
21332,0,@1stladyRetroKid sounds dope. whats the dress 4? ur party 2morrow? cant wait 2 c pics! wish we could make eachothas events! 
94029,1,@corduroy Ahhh.. thanks  
9593,0,&quot;It's my birthday and I'll cry if I want to&quot; because now I'm 30 
73128,1,@BrittdixonPINK fa real. That makes me so mad. Imma change that when i make it. 
28295,1,"@abrowngirl man what?! See I have this issue with chuckling at others misfortune... I.e. People running fullspeed into objects, etc "
37240,1,@amalucky work that tan 
51227,0,@ashley_is_here but I wanna know 
62179,1,"@bivester we were in madison, indiana for a folk festival. i should have just called you anyway! "
15167,0,...working until 6 am 
91168,1,"@Chocolatedonout good luck Line, and you have no reason to be nervous i guess. is it that oral english exam? if it is, you'll do great "
95294,0,@CindyLoves I love those listings 
45639,1,@AntonioCapo Far from embarassing them - most peeps are delighted to be recognized! 
83182,1,@chicagomichael it's not the middle of the night everywhere 
20914,0,@19fischi75 holy cow! then pls be careful hun! take no risks! 
51886,1,"@aulku i know, i had to- ahaha oh noooo!  she loved her outfit almost as much as we did"
8823,0,!@jenscloset  And you didn't invite me?  
23268,0,@aaroncarter7 why dont i ever get a reply from you? 
10443,1,"&quot;Some rise by sin, and some by virtue fall&quot; -  an irony of life!   Good Morning again!"
68739,1,@AnaiNumba1 luv you for that!!!  
75413,1,"@anthonyblando Ah no, wasn't me. "
14807,1,..Collecting sun vectors.. 
40681,1,@amirsulaiman LOL I'm up and ready to record but I need to start my ritual before I do. Some ginseng tea 
90814,0,@badassyella if it makes u feel better I stunned my small toe on the night stand thinking I was late 4 work... It was my day off 
23211,0,"@_tr  you didn't get a ticket, or just can't go?"
60539,0,@Bensue ur not on msn 
31318,1,@AlexAnansi oooh - interesting! A little indie for me perhaps but the concept indeed looks awesome 
24836,1,@30secondstomars http://twitpic.com/6dd5l - As we say in french: le travail porte ses fruits 
64533,1,@boysandclothes Thanks for the greetings. Right back at yah  Lovely site you got there...
25466,0,"@adamnyholt Oh, good God!  I will certainly say a prayer for him.  "
16044,1,/ goodnight bitches 
2308,1,- HEY YA ALL! 8) Peace Out! #Followfriday! Please i want followers!!!! So give out this message: Follow @Crizzyx3 THANKS! 
81499,1,@ChazHam jolly good  so basically redy for sum bantz did u see wat i sed to @fakerpattz about how it hurts to be called a wanker?!x
25601,1,"@3os_knight Yes I am, ta "
33867,0,"@allexsa  i missed it, cus we went to Paris, thinking that party was next weekend ... still gotta do something this week before u leave!!"
49203,0,@arifgumussu die is fake btw 
56342,0,@BamaRandyGirl aww! Love it! Wish I came earlier so I couldve been there with u guys!  hopefully one of these days..
26761,0,@advanmatthew esmosiii vaaaan  abis ngenyek capres yang lain . .
5616,1, My MP wanna leave at 8 in d morning (Sh*t)
50823,1,"@aspo1 wotcha mate, hope you are well? nice breeze here and not too humid yet so hopefully no storm today "
67384,0,"@bronte_saurus Oh, sweetheart! I'm sorry! Have you tried soup? "
93807,1,"@christpherr I was wondering where you were, haha. "
82511,0,@CherishmySTYLE I'm trying to. It's not easy 
98494,1,@corecast HAHA actually no. i was talking about how many drawers were left out. get yo mind outta the gutter 
48859,0,@ashboob u need to go sit down. Now. I'm not playn . 
44966,1,@annielftw hi twitterwhore annie  i have nothing to tweet about!!!!! hahahaha. how do you twitter from text?! :O crazayy
18454,1,.@HempNews I know; I was just playing. 
19014,1,@_katpie how? ps call me! 
24918,1,"@3CB Slept excellent akshually, you? Even me I want to read &quot;Really very silly poems) like @Milonare  May I??!"
66758,1,@BluntNate LOL. I get paid to have a day off 
64768,1,@bradpuet thanks bro.  even his farts are cute... when they're not messy. 
5525,1,"- Missing my girls in Northern Cal, but enjoying being with my sons in Southern Cal. Magic Mountain here we come!!!  http://bit.ly/giN8R"
64364,1,@birbrilo A poet is being born today on Twitter 
20924,1,"@_neon_blonde_  ha, that's so true "
14495,0,...need to learn how to do my work 
88869,1,"@Azodrac4J I have a Marine brother.... let's just say, he tried that already, lol. "
26497,1,@a_rybak Welcome to Munich. 
14565,0,...goddamn ironing. It's time someone invented disposable clothes so I don't have to iron the same thing over and over!  #fb
75689,1,"@buffalopine Thanks so much, I appreciate it   it's been a strange day lol...Peace..."
85315,1,"@cebaugh me too, time for bed..been a great day...night friends "
80506,0,@Chaoticshimmer if it was that Paul I would have my ass already in line to see him sick or not. I will have grandkids b4 I see him again. 
62758,1,"@bill_starr Yep, the Hawkesbury Classic starts at Windsor, home of said DJ  "
64962,0,@brandyecupcakes me too 
8599,1,"&quot;Designing for the Web&quot;: Unboxing http://bit.ly/8wHds Thanks @markboulton! Beautiful book, awesome content!  #fivesimplesteps"
21494,0,@_strokemyEGO soooo ...it's just one story!?  lol
11494,0,(@meesh31) Frustrating day #1 of 4 potentials.  I need a hug. This is sad.
84138,1,"@chockenberry cool man.  sounds like case closed on this one, /me opens beer. "
38616,1,"@ALOliver Thanks Alice, really glad you enjoyed it - told you, Curious don't do snobby, down with that sort of thing! "
83605,1,@childcraft haha well I'm following you now 
90810,1,"@CMyste Very, very sweet of you to say!  I just have to get the percentages right now!   Posted details on the secret blog."
94797,0,"@ChuckHall you dont generally hear about the good customer service, sadly. only when something goes bad "
4259,0," no mel in religion, i guess im spilling all my boy stories to jackie tomorrow."
97607,0,@CoilyMadness  my baby is named Brooklyn 
44557,1,@annaw1272 thats deffo the real miley  shes even said on interviews tht its her
36609,0,@alexalltimelow you'll hang out before the show on friday right? I forgot to ask. 
4972,1, Travel is sorted! Went into town - and found National Express had disappeared :S Thankyou porn for the internet! I now have an e-ticket!
76868,1,@aplusk my daughter is at your set right now in the driveway.....wave to her (Tory)..you've been nice to the ppl of Woodstock..thx 
3536,0, i'm just lost
54505,1,"@awesomeful Xanax is my lifesaver, tbh.  But don't abuse it."
39838,0,"@andij yah, but PITA to soft unlock and only good for SD. Not sure it's worth it "
72442,0,@Brii_is_me NO  my mom was supposed to watch Jacob tonight but she went to get my niece and forgot...
22695,0,"@90_angel no sun here, cloudy this morning "
94175,1,@CorkyIsCrazy Haha thank you  &lt;3
91934,0,"@bangmeboy Thanks.  I worked really hard on it, too. /stifles a sniffle."
52593,1,@asot400 im in heaven 
74857,1,@annschilling Get 100 followers a day using www.tweeteradder.com Once you add everyone you are on the train or pay vip 
93044,1,@Bathbad I'd like to think so   And we haven't forgotten you really 
70341,1,@Bree253 haha gotta love waiters who don't care if you drink all of your moms ginormous margerita 
67127,1,@Bobbyedner i love ya bobby! I hope you had a good day 
82449,0,"@cArtPhotography now yes, Jack Johnson not loading up "
5401,1,#followfriday @the_c_word @ipooped  going for the nasty this week 
6347,1,#f1 - renault spun off but this time it was not Piquet 
53747,0,@AudreyLizeth Ahhh why? 
33021,1,"@ahlexas awwwwwwwww i love it, thanks so much  &lt;3 i love youuuu !"
57674,1,@bbunderground  Good morning 
95051,0,@CrackerCrumbie No one has said it better.  I meant to add a comment to that effect as well but twitterfailed. 
54421,1,@AwakenJournal oh and I notice you don't have your link in your bio?!  that could also be why ;)  go up to settings and add it in there!  
2273,0, Happy Fathers day. ILUDaddy.    First father's day sans father.
35071,0,@alandavies1 The links announcer guy announced the result before the show started 
87781,1,@chxnguye haha yeah ! of course I watch Twilight ! haha. I love ALL the books haha. ! 
49700,0,@ArsenalSarah Oh i wish i was going to Newquay  http://tinyurl.com/cog8yg
19137,1,@_beckyboop BECKY! My i THINK we are actually going! my mum was like... &quot;I'm going to go and dream about it!&quot;  it's also 'cause of our
74120,1,@CaptainRedmuff WWDC Developer RC builds for all? 
30237,1,"@AdamNicholasB My sun sign is Virgo; hence, my relationship with Mercury/Hermes is rather strong. "
60881,0,@Beth_Star85 haha it is Hell! I'm trying hard to stay awake  your lucky to be done !
60575,0,@bephoebe Can we replace Gabriel with Don Henley. I'm recently disturbed that my iPod has no Henley 
46033,1,"@alkanphel Good point. I always forget the vegetarian sushi options.  Haha, might as well eat inari!"
66285,1,@BlokesLib Someone said she went to jail yesterday for only 13 tweets in an hour..WTF????...it was her 3rd incarceration for the day tho' 
40905,1,"@Amy_Mayna just saw vampire, and was laughing all by myself  haha oh and Craig is in LA right now!!"
29348,1,@ActionAmby Night at the Museum is on FX.  
41187,1,@andrewkjs sun just walked away with tripple their stock value 
97159,1,@CMRLee because when they tried it in London all the bikes went walkies 
35839,0,@Alex_Ball What!!!! free biscuits? @jonoble it's a goodies and biscuit free zone here! I'll have to buy my own bourbons for tomorrow 
23235,0,@_VNL I see no different and i have a ipod touch and I had pay for it 
19674,1,@_Enigma__ looking forward to your return... take care 
44851,1,@aliceakatea relaxing at home now  im working at a factory where manufactures puzzles like pokemon ones and other stuff. not so bad...lol
66461,0,@blovitt going in earlier and staying the night. 
12744,1,&quot;Duet&quot; should do a mix tape 
58857,0,"@bengillam No podcast, we had a technical failure and couldn't save the recording "
85293,0,@ChrisCredendino Rainy.  I'm trying to talk everyone into hitting up a mall but we'll see. &lt;3
93514,0,"@cookiejac Me too  It's no fun. Plus, we need more money for future tour."
61455,1,@BiLLi0 Well who wouldn't  So the first minutes of episode 12 - dream sequence - wasn't really 3D...?
90412,0,@childofdust   *GIANTHUG* I'm online if you want to talk &lt;33 *CUDDLE*
33822,1,"@airrad I did something that Basil Fawlty said not to do. That may be a bit cryptic for you, not sure "
6900,1,#gogreensunday  -&gt; @globalflashmob @Jayman888 @papcelebrity @fatfat8ight @Greengamma @GoGreenClean @piece2dot0 @EcoInteractive
60635,0,"@berkeleyan i totally understand.    although i don't know if it's any easier to focus here...i am certainly failing, at least!  ;)"
54850,0,@bananaexhibit yeah in like 15mins lol. gahhh dreadin this exam 
44031,1,"@aniskywalker  oh that`s nice, well done "
76860,1,"@aplusk lol, Awesomely sweet dude!  "
74826,1,"@carlaaslan , I'd l.o.v.e to hear your song  . Written a few myself, although they're from agess ago . lol"
11872,1,"(@okimmydee) @ralphie_g Oh, my heart is all aflutter!   Had no idea coconut cups would get me love.  Note to self..."
15568,1,"..when I am tired of things that surrounded my life,  I like to see pics like this. Can u point out where I am..?   http://bit.ly/dPUsl"
65256,1,@Bkniceguy ~ We need to rap.... 
93510,1,@cookiedorksx3 lmao okay then xD hahaa big stupiid ? well i agree xD aww yaay  iluu &lt;3
94149,1,@Beadsonfire You are welcome! Anything for a fellow Etsian! 
89233,1,@cherrymoon that would be great. thanks 
26845,1,@a3ofatl haha stupid. this is your big brother. 
51092,0,@atanc Say Hi to everyone. Ryan &amp; I are stopping by Stockton tomorrow when we get back from SD. Hope Auntie Ricky is doing better 
75996,0,@bunnieface It's cool... I'm bout to mask the pain with blunts &amp; alcohol *tear* 
69455,1,"@anca_foster well im thinking about sleep right now lol tomorrow i start html/css on my site, while finishing the overall design "
30476,0,@AdieJonas Six Flags. It takes up all my freaking time. I freaking hate it  But I'm here now 
38933,1,@amyjbennett  The &quot;holy cow&quot; is what did this to me. 
28214,1,"@AimanE2I Well, yea! My story is in a competition to have the chance at being published, so yea! lol "
78338,1,@architeuth1s I know right!?? but all u gotta do it tell me to be naked and i will. I love being naked!!! 
89729,1,@ClassicRockMag Fantastic album! loving your album choice 
59487,0,"@BElanna_Torres @_HarryKim OOC: I can't see it on Tweetdeck, or on the web "
9908,0,&quot;I believe @annierexia and I are like paper mache like shapes in the sly always so fragile and bound to be broken&quot; 
59118,1,@beejbi Hey honey how you doin?? haha love you mausi 
37820,0,@Amarie01 me sentiments exactly! It was made for us 
51337,1,"@AtlantaJJ Checking back in a sec. Was reading someone else's thread, watching my auction, sending an email. Multi-tasking at its best "
60078,1,@bharvey80  i love fishes 'cuz they're sooooo delicious....
89139,1,@b0nnieb Noted and noted. 
62539,1,@blak4ever hahaha. Well it's 1:50 am here. LOL. Dang @iamjonathancook. Hahaha. 
11305,0,#rugby #leinster Rocky's up &amp; left &amp; isn't coming back  he's signed a 2yr deal with Brumbees. Ta for a great season.
33283,0,"@aiacobellis haha love it,i was actaully gonna pick that one! And youre so right season 6 was soooo lame "
29841,1,@adamfan1million haha thanks! i think i might buy it 
39697,1,"@AncientSoul What are you still doing up, young lady "
91026,1,@chloechuah wow! thats aaweeesommeeeee 
3306,0, owireee
39211,1,"@alydenisof  teething .. around 3 months  and weeeeee it's fun. get sleepy, cranky, fever &amp; rash sometimes,  more drool, and chewing"
50411,1,"@amber_benson In Europe it's breakfast time. I'll gonna make myself a coffee, maybe one for you too "
14235,1,...Did i mention @brandyinboise for #followfriday ?? SHE ROCKS! 
27407,0,@agentK  princess Leia doesn't have a ribbon 
71953,0,@BridalGlam @FannyLawren Article's featured on pg 32-33 of the May issue. I *think* it's available at bookstores. No link unfortunately 
16196,0,... But i miss my shannon.  i wuvvv her to death
47262,1,@AllStarNinja He did laugh a little at me but when he saw my face and saw how I was glowing he said it was cute 
23455,0,@AaronMcLellan I know  I wanna cry! But I do want one of those crooked houses! Haha
9998,1,&quot;Second Chance&quot; by Shinedown &amp; &quot;Don't Trust Me&quot; by 30H!3 &amp; &quot;Migraine Skank&quot; by Gracious K  
29357,1,@akarra absolutely! 
60399,0,@Benjaminglass I was meant to going to that today but my mates Im staying with in Hartlepool are both feeling rough so stuck with TV 
84565,0,@Choylyn_Aching just a quick mention by Clinton Sparks about Adam's statement about the song Want.  No Adam just a picture of him 
55238,1,"@Bard_Letsinger pastor and humorist, huh? Well, if you say so ! If any pastor here were that cute, I'd go to church! hahaha "
62770,0,@blindcripple I've just gotten into the whole hoodie thing - &amp; the need to participate in corruption &amp; bribery followed  #momentofweakness
35668,0,@Alyssa_Milano Virtual pony is the best I can do.... 
4197,1,- Yet another 6am studio finish...but great results  
85428,1,@ceeveet very nice 
32089,1,@AFineFrenzy so sweet!!! ~ YOU are looking shockingly gorgous  ~ a &quot;frenzy&quot; shirt (:
43337,1,@alexrk haha yay a fair whoot  Miss U&lt;3 Mrs.CJBaran&lt;3
14758,1,...me a pin for my bag &amp; a silicone bracelet to wear. 
52422,0,@ASinisterDuck such a shit show 
2861,0, I kinda miss my dad... This is lame with no one to feed me lil pieces of cheese. LonelyCheeseBunny.com
99264,0,@crazygirlne and I don't tweet as much cuz the work computer is on EIS Twitter. So I only tweet once a day in am...  So sad
35577,0,@Aleenia premium conversions disabled? I sent a ticket and they told me no.i need to unseal my items and exp.I have still 55 hours bronze 
48675,1,"@asavinggrace I'm about to watch it right now, thanks for telling me "
78198,0,@caitlinmulvey. Why so sad ? 
41575,1,"@AnaSerrano Hey girl! I have just the same feeling!  Sweet sweet dreams, I'll see you when you wake up "
72716,0,@cami_lou I can't ever catch one...  They're too smart. I need to go in to a hunting school for dogs somewhere.
95518,0,@crazy_gurl214 I just have empty pockets 
55986,0,"@baconpops Hate to say it, but a friend of mine said he got some BaconPops and wasn't impressed.    Too bad, it's a great concept!"
69828,1,@bunnykins2 you're welcome 
3925,0, looks like im not going anywhere this summer! being poor sucks!
59393,1,@bestnewarticles Girl! I've been playing that song for at least 15 years!  Where is he?! 
81985,0,@Ashley_Wong lol yes 
23994,1,@1stLadyEL they'll be plenty @ summer jam.. I'm looking bf 2-5 
16746,1,"@ M.A.D, the conclusion for 2day is that ppl will pay &amp; spend despite current outlook. As long as there is value and service is there. "
20793,1,@140lover i would be one of those awesome ladies! 
94647,1,@ChrystinaGrace goodnight gorgeous.. i hope sweet dreams find you 
38134,0,"@amberrocha haha, aww. Well, my friend and I are SUPPOSED to go get the CD at midnight tonight. But she hasn't texted me yet. "
34019,1,@alliewayfilms 
46587,1,"@allison6071 @abbafan69 they were 13 DOLL beers, right? "
29168,1,@ajturner I wasn't referring to *our* projects 
43710,1,"@AnnaBellaMalone naw, not personally, he lives in England.  I will &quot;whore&quot; ya out to get you some followers "
36709,1,@alexthefob1991 It's nice. You should be outside. 
14447,1,...Boat is cranked and ready...another fun day in the sun on the lake! Yay! 
81555,1,@carlysmum lol takes some getting use to  Just replying to your email. Power keeps cutting out here :S
46603,1,"@AllisonNadeau  yeah, that would be perfect for an outdoor cocktail party in this gorgeous summer night!"
22798,1,@104bob http://twitpic.com/7g8l5 - I'm probably the only person that thinks that's really cool.  
8181,1,&lt;yawn&gt;...up to update 21 of 56... &lt;/yawn&gt;  maybe time for lunch
28749,1,@ABZQuine looks great! Nice framing 
78295,1,@ccmaine have fun 
99559,1,@criznale tell your pops hello! daddy-daughter dates are the best! never too old to be daddy's jittle girl! 
67866,1,@brownzgyal yeah shes so down to earth  i hope fame never changes her!!
12281,0,*is epic fail already* I meant &quot;while I believe I am hot shit&quot;... stupid editing.  @folkloricfeel
72471,1,@briniloo Girl I wish! That'd be awesome!  I was on a 2 wk vacation. in my dream... 
21194,1,@1critic @LOST_WFTB Mine too! RoBo!! 
72232,0,"@angelayee Awww.... Sucks that you have to work Monday   i'll be in Atl doing the same....I wanted to go to Vegas,but can't fam is coming"
5594,1,#asot400 Yes they are. Episode 001 now 
75607,0,@buckhollywood I Cant Watch That i'm in the UK  Can you tell me what its about? Please x
84759,1,"@cazashton morning, have you got in from the train yet? we're already hard at work "
81127,1,@ash_ums I say we do a Raising Cane's/Zia records saturday outing sometime in the future 
41787,1,@andrealm1221 The movie was awesome! Thanks!!  Hopefully it won't rain on Saturday. That will not be fun!
78128,0,@caitlin6694 shut down the word document with my history in without saving  it was starting to get good aswell!
28411,0,@Aimie94 yeah.. i bought it yesterday.. but i didn't get the poster coz i didn't bought the enhanced cd.. 
26943,0,@AEphotoWPG oh oh..constant dentist appointments? Sounds craptastic   Missed you this weekend.  Hope all is well?
58898,0,@beckynotrebecca It has been! @ForrForr and I don't want to go back to Wisconsin already tomorrow 
97501,1,"@cuexcatastrophe, no! remember how u felt about &quot;movie theater guy&quot;? that's kinda how it is with her. I'm comin back during 5th period. "
35726,1,@alyssabernal awww! Goodluck! Another YT hit!  What song will you be doing this time?  And now you're all good. no flu anymore. ;)
94199,1,@corpineda yeah.. I agree.. I just woke up and late too haha cause i didnt see the sun coming in thru my window :/ hello kitty tomorrow! 
94419,1,"@cosmo_jenny I'm sure organization is going to improve much this year, too. I'm looking forward to it. "
77679,0,"@cableandcarolin it had spun some web in the shower, which I then stepped into  Horrible"
51053,0,@americnxidiot ugh that sucks bb 
36586,1,@AlexAllTimeLow Pretty sure I had an aneurysm when I listened to Damned If I Do Ya (Damned If I Don't.) Can't wait to get the album. 
87740,0,@CHWong damn it! I missed a sweet work email round 
92542,0,"@ComcastBonnie Yep, he was found hanging too. Very sad "
32836,0,@ahest midwest took some of that well 
15615,0,/Sigh i have to get up in 5 hours. I just wish i were tired enough to sleep 
78282,1,@CCHcreative Must learn Portuguese  Contact Customer Care  (http://bit.ly/wvJlv) to ask about our partners who offer the tool.
53111,1,"@AZNativeGrandma I'm a hockey fan, too. "
39773,0,@andersoncooper if you muust go after Mr President cant it be for dont ask dont tell still vey much in place 
1510,0, cant drive yet but that dont matter Im gonna learn bout cars and motorbikes.
11746,0,* Lost * - Air France jet (200+ passengers) vanishes from radars http://bit.ly/lrYS2 
90129,0,"@chickenfootjoe it's all good! The album is awesome. BTW, are you planning to come to Tokyo soon? No tour here for the last 2 CDs "
17883,1,...working from 9-4:30... but i love the peeps i work with 
47911,0,@arentots I guess we're both in the same situation..  I've just caught tons of &quot;Sermon&quot; from my always-right sister. :|
60540,1,"@bentayloruk nah, xUnit is excelent already. just trying to bring more xUnit-ness to MSTest "
26277,0,"@9er_ NINA ! I know right. Yazid isn't happy with me having Twitter... I don't want dramas so I've no choice.  btw, how're youuuu ???"
73646,0,"@BrodyJenner I'm always complaining about Mich. weather, but that's one thing we don't have to contend with  Scary. Glad you're ok."
49975,1,"@amandapalmer Your cover of Creep was awesome. /big hugs/  Take care, be safe."
4847,0, THEN WE HAVE TO GO TO THE POOL ALL BY OURSELVES U N ME
12173,1,*a little bit of john mayer is going nicely with my new purchase 
8687,1,&lt;--- is moving to Norway - Oslo on Saturday 
81660,0,@CarolAnnB Thanks!  Too bad you can't tune in! 
96824,1,"@cloudlover there is also the Fiber Arts Fest. in Charlevoix, MI and the Northern MI lamb and wool, and the Fiber Expo in Ann Arbor MI "
48585,1,@aruran Hey-llo there. 
21855,1,@_Heatherrr_ shall we make friends lol 
64031,1,@book_mommy love your website!  bookmarked it as one of my faves.  
15121,1,".@jimgris haha,  suppose you're missing authentic Japanese food  "
83223,1,@ashwinn welcome back 
86991,0,@australias lol mine is like a shiny little sports car that i love but i want something that can fit more people 
17092,0,....why did i faff with my pic!  i faceless nowee
58431,0,@bebiv What is with that? It's always when you neeeeeed something!  Hot water bottle?
74881,1,@annyo84 anny you are awesome!!!!!  Thanks so much for the vids pics and updates!!!!  )))  Getting caught up on everything now! 
89637,0,@chew206 you were at that girls party that's why....  next time
91225,1,"@cocosmalls Yup, they share a room. Constant built-in antagonists. "
61118,0,"@BigPapi1011 call mee when you get a chance today, i miss you "
18230,1,@_dru_ &lt;.&lt; &gt;.&gt; Dooooooownloadddddddddssssssss.  That's where I got mine!
45457,1,"@alikat2k I am, cause I'm home! "
68773,0,@bowwow614 I would but I'm afraid I got two left feet 
57491,1,@amous  thank- you my bunny rabbit friend 
25680,1,@AdaQmm IT'S NOW OR NEVER! 
89344,0,@babitrovato you don't have reasons ! I have 
51986,0,@ashleytisdale why did ur cd get delayed again 
56546,1,"@bduh ...carrying on with this would be insanely complex  hie thee to the mop, fair maiden!"
95698,1,@crazysweettweet hehehe tnx anyway 
28359,1,@absolutelytrue why on earth would you say something so horrible as to lump me in with the USPS ? i haven't worked for them for years 
66491,1,"@bringmepain Ooh, I'll make an effort to catch them on telly then "
11984,1,"$67 for my books, no complaints. 67 more than i had plus i'm on book voucher! "
52026,0,@Aussie_Nicole I dont  think they are live just yet.. Sat nite US time is the live show.. This might be one from a while back  
80266,0,@caraann Mark and I wont be here tomorrow  Ill either check it Saturday or early next week hows that?
10731,1,#iremember going to the Starbucks for the first time 
91194,1,@balajil hope the auto navigation robot doesnot get lost 
82485,0,@chemistryrocks This all I can find   hope it helps - http://is.gd/13EcW
55505,1,"@batsam @emartiste Hahahaha! I've never seen 90210, but I can't imagine George in that kind of vacuous lifestyle "
90359,0,@chiehhsu Look like it's al Qaeda again...  (from CNN report)
38370,0,@AllyR1 I know!!  I wanna find out who mike married!!
43855,1,@annamalgorzata no just you and me would be perfect 
15946,1,:: New single :: Piano Pimpin' - SuperDre :: in the player  http://tinyurl.com/l9aywb :: #minimal #techno #tech house
2546,0, i can't type! my mad typing skills are screwed! this damn papercut!
95323,1,@craigfots haha sweet  lovin the profile pic btw hahaha  where u golfin? 
59858,0,@BellaEdwardFan2 no there is not a 5th one...i got sad when i finished the 4th one 
4903,0,#f1 Rubens knows he has lost any chance of the world championship 
17778,1,"@ EarlC Yeah, it is a procedure, but may interest someone. "
93615,1,@ChristineVee So do I!  
89430,0,"@Cheskimono I didn't go out fri or sat, I was working all weekend, which was poop  Mayhem was a rave up, you missed out"
33981,1,@alliebeans THANKS!!! 
13386,1,"&quot;It was awesome but we lost it, it's not possible for me, not to care.&quot; -- Miley Cyrus "
41547,0,@AnandaRose That's completely lame.  But nonsurprising.
90854,1,@baditz17 @cille07 Hehe may Sunday bonding moment rin kami with Gelli and the other listeners. 
78723,0,@CeeGeeEff lmfao u already know it but u were missin 
84069,1,@Chloe40 Your not a loser twitterer :L You have 6 followers  loveyou xoxo
5100,0, wishing I could attend Summer Jam
87822,0,@awesome_tie I'm really pissed off 
71353,0,@andyscandies I was out on thursday and u didn't dance with meeeee  i'm takin salsa lessons soon so watch outtttttt lol
22597,1,"@7Mary4 ha ha, that sounds great! "
278,1,   thank god today is friday !!! I love Ti Ti! &lt;3
33140,0,"@alisongroves it's fathers day in the USA? wow it's not til september in Australia! and no, my dad's not that great "
21340,1,@_carloslopez_ I'm almost done with school let's get sushi soon 
74644,0,@CareyLou_ sweet lol im not gonna b here for the photoshop class  but who r u going to warped tour withh?
26859,0,@adychou OK Ady...I will get started now bc u r right!  I will be back later 
52495,0,@askmanny I HATE it!!! If I lived near a river I think I'd throw it in! I restart the stupid thing at least 3x/day-iPhone come to Verizon 
23631,0,@1charlottemarie at least they text you 
34192,1,"@allison6071 haha! nope, some sort of lime flavor cookie (??). whatever--I'm hungry! "
87286,0,"@avatrinidaddd ill check it, and i cant leave the classroom:|  why dont you come to mine, OR get on on saturday during lunch:&gt; "
97090,1,@CSI_PrintChick uploading now.  i'll post on fans &amp; twitpic to him..tonite or tomorrow. good stuff! 
97965,0,@comeagainjen aw can't sleep! Aw. What do i do. Help 
13330,1,"&quot;I'm sorry kevin, i woke up on your bed because karinne won't let me sleep at all'' "
42289,1,@andyclemmensen interesting. congrats on sway sway hitting seafm  voted already babe  xx
94404,0,"@cosmicJase - yay! i've only done 347 tweets, shan ! it is shan but i cba to switch it over "
67583,0,@BohemianWeasel I know weasel - I was disappointed.  Was hoping to see some Nazgul circling a castle or something. lol  ;)
99682,0,@crucify_brett That's a shame 
52541,0,@awakebyjava I guess you were just &lt;24 hours late... 
24979,1,@3sh00l ja kan wel refreshennnn command+shift+R 
21967,0,"@3btracks   I'm not performing anymore, last minute drama!!! So sorry."
44012,1,"@anne_tai : You were listed among suitable targets, but I spared you. "
10256,1,"#FollowFriday: @CatholicChicks, because sheï¿½s uniting Catholic women of any race, ethnicity and background "
92429,0,@coltonlittle I don't know...but I wish it would go away! 
21715,0,@_FK_ Mowing down of pedestrians &amp; crashing is not to be recommended. I fear you will have to stick to silence 
10083,1,&quot;Something Spiritual&quot; on live now!   www.NewRoadsVideo.com.  Come join us.  
54040,0,@aussie_at_heart nothing at all for me  just a stroll in the rain. Resting after elections. May be onto housework tomorrow 
1130,0, all my bestfriends are leaving!
13205,0,.. !?&lt;%#ï¿½ï¿½ asking myself things i shouldn't 
49781,1,@artfaerie Thank you 
53899,0,"@BackRhoades  Rian isn't single. He's happily in love with @Karadiak I swear, those two are just so damn adorable. ;)"
22217,0,@4everBrandy when are you coming to germany... maybe you will notice me if i mail this like 100 times  sad face --- asked like 100times...
73295,0,@Candice_Jo LOL I scared of roaches 
82299,0,@AshleyMontero I know we do.  we never do anymore it makes my heart break.
30615,1,"@Adrian To be honest this is just one of the things they havent tested and worked on, but my bet is they'll get it working anyway "
3246,0, Im Just Plain Pathetic 
70929,1,"@brennl We can celebrate #brennaghday on June, 19th. Are you in? Tell alla your friends "
18896,1,"@_J_A_M_E_S_ the same kind u are, look at my twitpic to see... i also do website design  http://twitpic.com/glitzygloss"
14882,1,(@T__Y) I wish you fuckers in California would shut up about COACHELLA 
22173,0,@_magic8ball Aw really?  How did you see my Tweet? Demis video thing right?
57816,1,@BedlamCoffee thanks... I'm getting there....  http://myloc.me/2lv7
19290,1,"@_Leva_ oh, that's so cool  it's like your own little show!"
15017,1,..off to do some housework and rock to the iPod!!  Tweet ya's later!!  
35851,1,"@Alex_Manchester heh, so just ignore the stuff that doens't interest you.  That's what I do."
75257,0,@Carly_FTS I am lost. Please help me find a good home. 
42106,1,@AndubchatA Yaaay!  So glad she liked it 
72025,1,@CaliBelle thx! 
80223,1,@Chanky04 you should  haha
13859,0,.....and i can't log on to works server and have shit loads to do before i'm on leave next week!! my day has not started well!! grrr 
81892,1,@cheesemaaster i dyed it purple but it looks pinkish! 
76792,1,@aplusk hey ash! just wanna shout out coz really find u &amp; ur wifey a cool couple! 
69435,1,"@anautumnecho Nice talking to you Alex, thanks! "
35274,0,"@alanXday wait, what? Oh fuck it was haha. "
75699,1,@buffyfest   What's the news on the #dollhouse front?  Am I saying goodbye forever next Friday?  D:
83354,0,@asinclairharris i know when it was in the cinima i was ment to go but no one wanted to 
99436,0,"@Crichton_Kicks yeah, the latest one came out in April, right? I just finished watching those, but i totally want more soon "
44433,1,@AnnaLucyHewitt why do you bother writing to famous people? wat u wearing tonight  xoxo
56240,0,@balajijegan convey my wishes to Suresh though he did not invite me 
34477,1,"@akaredz yea it's only sometimes tho, otherwise it just lays flat. it never gets irritated luckily, it's healed awesomely, no problems "
54365,0,"@avidbookreader no Cain  but many other well known author such as Holly Black, RL Stein, James Patterson. Missed Diana Gabaldon on Friday!"
54865,0,@ayumi_rollan Binkers Is section 4  I tried asking the girl for Trixi but she wouldn't allow me :|
89126,0,@b_sorensen I am lost. Please help me find a good home. 
10060,1,&quot;If ur really a Prince I'll marry you&quot; hehe! 
29528,1,@acummings you don't like clams?  My son shares your sentiments. 
72004,1,@calee01 well at least you're not in swine flu central 
18135,1,..Yayy.. Veggie Grill is followin me now  ..it's our home away from home..&amp; where we were during that crazy EaRtHQuAKe!!  
84764,1,"@Cazling Good job, Caz. Sounds like you had fun. "
97123,1,"@cstn Oh, sorry, I think I found the schedule in the program. My bad.  (I know things always change, too.)"
30389,1,"@AdeleMcAlear  Great job from Claude Thibault, video crew from Productions Arborescence "
21041,1,@_pratik our interviews are one of a kind!  have now put the guy on con-call with @vishmaker &amp; Sherin!
96115,1,"@CriLauren LOL, glad she is doing fine "
92992,0,@compwallpaper YOU BIG CREEP LEAVE ME ALONE! 
96430,1,"@crookedfang *rolls eyes* uh huh, kay  since I've a broody vamp or two ignoring me, yes I know what they're like."
87087,0,@Charles_K lol i have a shitty LG and its like dead from dropping it in so many toilets!! 
57356,0,@Becksyjo nope   sent you a direct mail......fingers crossed i have a buyer at work!
59857,1,@BelladonnaTrish aww...you're such a sweetheart 
96806,1,"@crystalbutterfl I did give you a hint the other day, even the title of the next post "
90619,1,@chinnarin where where show mee! 
30224,1,"@AddanacCity Hahahaha. Go get 'em, tiger. "
80901,0,"@cariwayman I know a few people who met guys on there.  I've met a few - Joe, in particular   no one GOOD yet."
4126,0, My other brother's sick...
82688,0,@carynyan you should come out with us tonight! 
49515,0,"@ashleyobvs he plays this game,i dunno the name, but i we kept playing til all our money was in waps pile  bitch lost like 15 bucks to him"
44763,1,"@AnointedPromise lol, i hear ya! Gotta purchase mine tomorrow, jus lemme know mama "
33831,0,@AIRVD @Ammy @tonneke Gesnapt  was nicotinekauwgom
39800,1,@Amanda_A you can sun too!  It's a lovely weather! You can listen to your ipod while doing it 
98261,0,@contrarygirl chocolate always helps!  hope you're not coming down with the throat/ears thing too 
49508,0,@ashLeynic0L3 what's wrong? 
76758,1,@BuzzEdition Nite Sunsine! Gonna turn in semi early. got an early morning. 
11842,1,**wavin to rasheezy**  Good murnin  
15461,0,*sigh* I could sit around at home 
28598,1,@Aishwarya_aura Not from Jordin! Haha! I think the pigs would be flying by then. i feel it's not worthy enough for her to watch it haha! 
88201,1,@Cheep_Tweeter its O'Sarracino... 
6298,0," sorry couldn't party with my Freelon Fam 2nite. My lil boss is home. So I prioritized. Ahh, the joys of parenting.  See you guys soon."
93257,1,@bayanijovan everything is near here in SG! but you have a point--sana hindi sa Jurong East ang office ni @madsdeguzman 
53168,1,"@athinkingman Yeah, that's true. And moats &amp; dodgy expenses sometimes as well "
93464,1,@BBaranowski I've seen every episode so man times that its the perfect background noise for falling asleep...and a funny one as well 
98873,0,@courtneyschultz why a bad feeling?? 
28925,0,@acarback I've been on the waiting list ever since Google acquired GrandCentral :/ I wish I would've signed up just a day before that! 
3087,0, i want a happy day
7813,0,#myweakness is  the Dominos cheeseburst pizza....shit I want it now! 
99974,0,"@ctabita if it's any consolation, this weekend isnt quite what i was expecting either. "
71698,1,@BriannaKay I'll be there soon! 
64956,1,@BrandyandIce Raised just over 2.5k...so think that counts as lots!  x
16651,0,"... Paid for the parking ticket, and the barriers were up.  karma?"
46961,1,@AlliWorthington   mmmmm!  
83082,0,@CashiusGreen 
21571,1,"@21niko21 and NOT a merciful god, either. "
46460,0,@allikatetor you're not that much of a slut katycat 
32470,0,"@Agent_M I love reading your tweets, they're a highlight of my day. Although sometimes I don't really know what you're going on about "
47975,0,@alonely I can't eat a chocolate croissant for breakfast at 1pm for no reason? 
92812,0,@chrispople I am a bad mother 
88450,1,@chekatileo what time are u out today?  x
21318,1,"@1scpfG I'm doing well, thanks. Just woke up. I bet your glad Monday is over with "
81821,1,@caroltonetto @belatonetto @fabianacruz @cindytoneto @Twenty4thEleven @thaynantes Hello Lovely Girls 
87935,1,"@axesandallies i like him, he's artsy &amp; into design, which is cool. but mainly b/c Adam loves him, and that makes me happy "
32522,0,@AgentSullivan After you said that i can't help but think about work and 'what happens next'. 
34727,0,@AlaGala21393 SO WHAT IS THIS I HEAR ABOUT YOU ENJOYING TWILIGHT? Don't go over to the dark side 
14784,1,...year. 4th years at IRA...well you all better grow the fuck up fast 
84903,1,"@atinnel you're welcome  my fav, Survivor!"
11434,0,#squarespace did NOT have a good night!! maaan could i really use that iphone to cheer me up. brushes with death are noooo fun. 
35476,1,@AlC4 I hate to admit it but u are right lol good night! 
70959,1,@BrentSpiner Thanks again for using twitgoo! We've added you to our &quot;people we love&quot; section and would love to see another post from you 
20743,1,@__Deb Haha - lucky you!  Sleep well and hugs to Chappie 
73091,0,@angryseattle Were gettin alot of rain. We must be getting yours! 
46500,0,@applefield I wish I could speak portuguese  all I know are names...
72760,0,"@AngieBeyince Man, the last time I saw Beyonce live onstage was Sept. 2000 with DC! Everytime she is in concert solo I am BROKE!! "
73384,1,@britttnicole Good morning  Have a nice day 
86961,1,"@christophermoy haha, you guys are cute!  Tell the boys Jasmine from Indiana said Hello. (and goodnight since it is 3:34 here)  NIGHT!"
29510,0,"@actone Link doesn't work   Also, I'm clearly a WoW nerd cause BFD/shoreline means something else entirely to me."
90121,0,@chickbot You have my sympatheties. I get them too and the only thing that can stop them is medication 
15146,1,* @angelajames Awesome!  Now if I can tempt you with a far off due date....? ;) (Kidding. Kinda.)
23609,0,@1capplegate I loved that show! OMG!  Hope to see you in something else soon! Keep your chin up.. your a great actress!!
82948,1,"@caseygotcher Drats! I forgot I'm running XP at the moment LOL! Will install after next WU finishes folding.  Can't wait, though!"
20821,1,@_Misunderstood_ 
89011,1,@b_club oh oh...could i have one!! lol my sister brought one tee a couple a weeks ago   they are HOT 
25465,0,"@adamnelson Insured yes. Backed up data for YBL, no. Some things money cannot buy "
33094,0,@alison_carney NYC show is July 18... The promoter booked a band up there for that one...  You know I'd take you if I could!
28255,0,@abooood Ø´Ù?Øª Ø§ÙÙÙÙØ¹ ÙÙÙ ÙØ§Ù?ÙÙØª Ø´ÙØ¡ ÙØ¨Ù Ø¹Ø§Ø¨Ø¯ 
86268,0,@chriss_yst Your link is broken. 
68085,0,"@boomdelirium sorry i meant on msn! expo isnt for a couple of week, but i feelabit funny about that cause of money "
97339,0,@cocodkr Not even superman can save me now 
49092,0,@ashleigh92 same baby  im gonna meet you after school wed ;o i love you xxx
99082,1,@Craigatscifi Just don't piss of AT. 'Cause @damiankindler tweets whenever someone pisses her off on a call. 
25131,0,"@2SHAE1 l0l yu right...I do love him!! Well yur lucky yur on the phone with yurs, I wanna be with mine right about now  "
46234,0,@allielikewoah ughhhhhhh I know what you mean. I'm working a double today and I feel like it's 10 o'clock at night already. 
73346,1,"@animevice you'll be here for fanime, duh! so we can do it on memorial day sunday or monday, schedules permitting. "
74128,1,@Captainwalker I've seen it. It's awesome! Two thumbs up from me. 
29406,1,@ACLAZ92 #pens wins ALWAYS make a person feel better! 
78321,1,@ArchanglGabriel MC5   My dad worked on their first album....he's in the liner notes.  I grew up listening to that.
94932,1,"@churchrd ...um... TMI.    &quot;NEW from Tommy Hilfiger, a fragrance capturing the spirit of Fiji... Che Davanni's... for men.&quot;"
92341,1,@colormexx lolol i love your tweets too. glad mine entertained 
45509,0,@AlinaBM I miss it too!  hope to talk to ya Sooooner! Bye LOVEYA!! xoxox
30046,1,"@AdamStevens I'm not in Uni anymore silly, I graduated last year  Defo get in touch when you are around, be nice to catch up. xx"
98153,1,"@conkerjo The voice of reason says fix it, because it'll come back to bite you in the arse just before launch "
40101,1,"@amandaooi49 Bob is, haha. I'm talking about you lah "
46752,0,@aplusk Oh no  Boo! I hope you feel better!!
71869,1,@angel_mitchell That sounds like a no win situation. But it still tastes good...all those calories! oh well 
63777,0,"@BodyByChocolate I agree with you about unfollowings, i recon cause they r trying to get their counts up "
74541,1,"@Anniegolightly Nikon F, Canon FTb, Hasselblad 500C/M, Mamiya M645, + film for each, Polaroid film for my SX-70, light meter, etc. "
73811,0,"@Cann0n2o yeah, need to sign up for an AT&amp;T contract tho "
16293,1,"? All beacuse of Jesus, Casting Crowns - Mooorning! "
66667,1,@blueparrot2 i need to get something for it i think! Were you talking about pills or was i imagining it? 
65427,1,@BlackCat_Saya kewl.... doesnt really matter though coz m onlyn throug  mobile... 
74509,1,@bru_toldo Maibe you can know some new people. Today is a day to celebrate!  Drink some wine!
20902,1,@1938media I think the rule is that I will win your Flip give away. KThanksBai.  Good Morning.
69321,1,@BuddyTV Got my movie tix from the Angels &amp; Demons Promotion this week Woohoo!!! Thanks again 
77184,1,@c_a_Marks I miss you in the greenroom.  
26071,0,@4theluvofmuzic Well...They're all posers....I guess.... 
42219,1,@andyclemmensen COME TO BRISBANE SOON!!  Pretty please.
23232,0,@_Vig twitter's great! esp since my facebook is no more coz some weirdo hacked into it  i've been goodl. busy. finished uni last year!
80436,1,@cardiffclimber Have a safe trip! 
99339,1,@crearvirtual Thanks for the recommendation! 
70646,1,@butterflybeacon Many Blessings to you! 
95245,1,@craigeryowens http://twitpic.com/6phu8 - when you come to buffalo go to fuji grill its the best sushi around 
45034,0,@Anthony_y_Tony I had Pad Thai 3 times last night  ragoons LOL yumb
13807,1,&quot;She's Always a Woman&quot; Billy Joel -- This is my personal anthem  ? http://blip.fm/~4jcne
56627,1,"@bealers My Â£400 car was awesome, don't knock cheap cars "
56681,1,@BeanaB ill be back saturday 
73689,1,'  figuring out how to use this new phone  x
34539,0,@allyistoocool ah that sucks.  so many other good bands there too.
92211,1,"@collybird thank you, darling! "
15056,1,(cont!!!)... @katiececil @shelbycobraaa  happy follow friday!
6286,0, so very sad! i really wanted those yellow/bronze shoes... so very sad!
16249,0,/me has a bad kitty 
15523,1,// sweet caroline [good times never seemed so good]. on repeat. starting my morning right 
83692,1,@cassiopeiarose niiice...i have seen him on muchmusic. smooooothhhh.  kinda like a mix of JT and jeff buckley? thanx for that!!
90927,0,@chleyr aww.. i know right.. i miss HS.. 
47701,1,@arief81 hahaha you know me  sleep for an hour and then just copy the answer ! hahahaha  no hard feelings baby
44616,1,"@annjj I once dated a lady .... Lady sally of southshire,,, she was a right dirty bint !! Loved it up the shit box "
77907,1,@aral i wonder if those two things are linked? 
77450,0,@catholicgirlyz i bet ! 
3917,0, life goes on right? G'night.
55882,1,@babytaco Really? That's wassup! Write sumthin for me and DM it to me and I will make a beat for it and sing it and give you credit 
73772,1,@Candyland3 please stop rubbing it in... lol. Bring me a bacon cheeseburger from Nations' back please 
2923,0, my mumS DRUNK  already
69006,1,@boygirlboygirl thanks!  Looking forward to both...one obviously more than the other 
7247,1,"#tdg ended up working a lot more in project A, but sometimes you just can't help it "
8486,1,"&amp; im in major need of new cookware, dinnerware.. basically im a sucky housewife in the making "
12795,0,*sigh* so sad about the whales  at least they saved most of them...
95658,0,@Civitico cool your jets isn't your saying it's kodiak jack's you ball bag.i've lost my usb so i'm in the shits it had everything on it 
7018,1,"#quietkarma - if my heart was an instrument, it would be a piano. Wish I'd learnt to play it properly when I had the chance. "
30507,1,@adityab wow cool thanks 
52559,1,"@away2me You can snack, just snack on something good for you.  Lowfat string cheese is my fav. afternoon snack "
94569,1,@countryvicar Now there's a cunning plan. 
32172,1,@africanpryncess You talking to me?  (don't forget to include the twitter name so people know who you are talking to). The answer is yes.
33582,0,@Air1Kelli &quot;Up&quot; was incredible. I took my kids to see it last weekend in 3D in Temecula.  AWESOME! I cried when he looked at the pics. 
80573,0,@artistiquemeg im saying your a fuck the world person (in a good way) im the same.  chest one is kinda patchy because i picked the scabs 
91144,0,"@Chloii14 hmm, if i get it. "
71100,0,"@CabinetSupply I tend to want to buy at the weekend, when I have time to do that sort of thing. My local supplier isn't open at weekends. "
44558,1,"@annawaits I didn't say  I'm watching Three Men in A(nother) Boat, and they're using the pirates of the Caribbean theme in the background"
16107,1,.. on a different tack - my Modbook is arriving today at 12 pm!!! Can't wait. If you ain't familiar - Google it. &amp; feel the tech lust 
82077,0,@AshleyBeth89 no! everytime i wanted too...i couldn't...i wanna go..i didnt tell you this...I might go to live in Peru this year! 
90329,0,@Bacchus66 what I don't get a shout out?  you don't help save the babies and then you dis me like that.. That cuts deep.
17629,1,@_annella You should totes share that with me so I don't have to wait to read it. 
69784,1,"@andrea_r Oh, heh...yep, I'm using it for WPMU. "
63036,1,@blogyourworld okay i will add you 
78323,1,@ArcherMishale My cake  &amp;Casino Royale construction site scene.No CGI the blackman is Sï¿½bastien Foucan a founder of parkour(free running)
64937,1,@brandonskellham fuck you asshole 
69704,1,@BumbleWard oh he's beyond amusing 
35834,1,"@alex Ah, I see "
97671,1,@coldplay http://twitpic.com/5f798 - good morning Guy! 
72611,1,@Angelus01 i love you 
4016,0,=-- mommy I wanna go hooome
53399,0,@babibabs i suck as an intern  i generally suck as a person. there's no way i can handle all this stress
39021,1,@amymacdonald1 http://twitpic.com/6c04y - Very nice! With aircondition? And the most important thing for you we can see down left 
46802,0,@AprilRoxX That song makes me cry 
59724,0,"@betweenthenotes and poor me, i always have to find new things that hes not getting bored  not easy really"
84954,1,"@chrisbrogan Chris, what is with you and planes, trains? "
43003,1,@angierobert all treating for me 
38272,0,@AmeliaWorthing I second this. It's been raining all day. I want Mr. Sun to come out and make me smile 
3295,0, one of my cats is very ill after reacting badly with her injection Bloody vets! ï¿½145 to make my cat ill! Strong words to be had!
81167,0,@AshBo I'm totally up for it! I didn't bring the warm enuf stuff so I'm rocking the same fugly jeans and shirt all week.  Dinner tomorrow?
88911,1,@cheniya Get 100 followers a day using www.tweeterfollow.com Once you add everyone you are on the train or pay vip 
69328,1,@bradiewebbstack haha lol  ur gonna say happy birthday to my friend sarah when i see you on the 10th of july  and then shes gonna die!!
5380,1,#followfriday @Mandie_M @Verwon @mmangen  @drpants @scarletmandy @churchpunkmom and some more awesome tweeps! Followww! &lt;3 
65449,0,@brendamew2 no art tomorrow.  and nice to see you've joined twitter!
63622,0,@Bobby61557 Sounds good! Our water here is fithly 
34429,0,"@akailam it was that damnable episode of friends, why would they all leave "
21864,0,@_IANNE YOU'RE MEAN 
291,0,      what the hell BBC?
47815,0,"@almostvisible I didn't go  It was to easy to put off,lol."
12082,1,"&amp;&amp; im qettinq ready for a nite out in new haven with my better half  &amp;&amp; Happy b-day Lynnette. We deff is qettinq it in 2nite, Luv u!"
98738,1,"@Countesscupcake hehehe, did you manage to find a pair of high waisted? "
81830,0,@carolynaaa28 i want to put nails on but..not sure i will have time. 
44879,1,@AlicenWonderLa Mmmmm..*biting lips* lol ;) I like the wet pic!..u must have read my mind lastnight 
13834,1,..... meet! maybe because @tommcfly and @gfalcon601 go there too  lol.. i love starbucks and could kill for one right now!! ha Xx
90869,1,"@CntryBmpkn Thanks for the support  I'm proud of what I've accomplished, but I want to accomplish more. Life just seems to get in the way."
90416,1,@childrensjewell  I promise I really love them  had a little trial on Saturday - the flowergirls are getting v. excited! no need to tweek
76723,0,@aplusk  I miss webvan. We used to use them all the time and then they went out of business around the SF Bay area. 
18155,1,@_CrC_ I got ur back! Song &amp; cake. DW will provide FS for u. 
71728,0,@caitlinlavergne they are going to destin  I want to go to the beach so bad...but I'd rather $work$.
12079,1,"&amp;&amp; i say... i say goodbye to you... i said hi to you with no cLue,, smiLe "
70785,1,@BuzzEdition anywhooo... my philospophizin minnd workin overtime. wayy 2 deep for sunday nite i think! get on back to work now!  hehehe.
33257,0,@aily_sugeknight Yes.... 
96850,1,@crystalchappell Beautiful day here too! Finally it's real summer.  Have a good day!
69853,1,@Brandieee Sorry we left! :/ I'm not able to read your tweets from my phone so I didn't know y'all were going. Next time! 
84990,1,"@AtomicKrash night asshole, ily "
67356,0,@BrokenStruggle to much waffle &amp; not enough drinking going on. he's a less annoying version of numpty! &amp; he's not you which makes me 
1716,0, i miss the days when i was the starfish to his sponge
72518,0,"@AngelIVXXX Yaay! TYVM!! ? ???! Hey, you are on the list to get a review copy, right? I didn't see you on the list in my folder "
76238,0,@antonioqrey i miss you too sister!! im okay you? when are you coming home? 
6264,0,#dontyouhate when you have no one to come home to 
37208,1,@amacisaac @C_DIG @CdnCowgirl @Wendy @andrewmcintyre @brown73 @dblacombe @jaymes @Roger for my #followfriday 
64484,0,@Boy_Kill_Boy oh ryan im soo sorry my internet connection is sucks  whose your no 1 btw ?
79971,0,@chairiste Wish I could be searching with you 
82928,0,@caseeyrae aww i'd come to bondi but im kinda going to the airport 
99551,1,@crittersize Very cute profil pic... will check out your website soon!  
22531,0,@7_7 yes but ugly 
35707,1,@AlanG123 no worries... happy to help. 
28330,1,@abbyryder Heh you and me both. I needs me a Blurr..Tesco all sold out!!! Wish they would make &quot;Snarl&quot; &amp; Sludge too 
79578,0,@chabling okay babe...nomore torture on twitter pleaseeeee!!!  Yall got us this year..now I gotta watch yall parade and cry 2morrow.. 
27874,0,@abczoomom And I find that I am indeed going to town today 
29131,0,@AcetheActor I think gonig with any girl to a mall is a bad idea dude 
50676,1,@asotfan Its all good  We're here to share the love for trance!! #asot400
93170,1,@BawldGuy that post hit the spot. How can you beat &quot;self righteous dung&quot; 
36109,0,@AleeVee qualifying for a loan. Without the loan he can't get the car.  But we'll see.
9614,0,"&quot;Dear John, I am a freaking MESS!  I may need to seek professional help soon... Signed, Your Bedroom&quot;"
18845,0,"@__stephanielynn LOL tell me how it is but dont ruin too much, i was supposed to go see it tonight   poor kristen"
17445,1,"@__specialK @Lyrical_Gangsta @wishdreamhope whoever you are, your super awesome! I love the music and the random thoughts! Stick around!! "
49512,0,"@AshleyNiles  I'm sorry, sucks"
34483,1,"@akashasoap yeah dont worry, will do it!!really sooon "
42694,1,@andytpowell  You're welcome!
27121,0,"@AffiliateMark i know, wally had a rough go  but who had a hot night? only delonte. which does not equal a win."
19914,0,"@_Garbage_ - Watched A&amp;D in theatres, for 120 INR "
17113,1,"@ the pooll w/ ja9, txt AdamLivesOn "
84708,0,"@atfsteve Ironically, Lola ate one of my favorite green Adidas shoes today "
36347,0,@AlexAllTimeLow aww como to brazill alexx 
47472,1,"@AllyBingham specifically went on facebook for you. feel special, because you are "
52558,1,"@awatrous hey, what's up? "
24743,1,@AClockworkToad I told him TTT!  
76848,1,@aplusk I would love to have this doll..beautiful! She is so realistic and I love her long dark hair. 
75652,1,@BuckyBug I know  haha thats because I live on them hehe.
50763,0,@ashizbadd lmao I know my own bf don't wanna touch me  his bday is 2mar! the big 1-8 
36465,0,@AlexJayson idk but it makes me sad  haha jk but i reallly have no idea tho
98279,0,@Coodieranks now rumor has is columbus is playing for the other team but hiding the jersey...but not idris!!! Nooooooooo 
44685,1,@AnnReyWil Usually I think too much of a good thing is fabulous! 
96254,1,"@Classicgarage had a Z1 900,twin webers,yosi kit, it flew "
44201,1,@AnnePrecious hey pre!! how are you? hehehee! fun magtwitter noh? hehehe! 
23865,0,@ABIBAN do you want me to split them up? i am good at crafty plans like this 
18346,1,@ the sis house relaxing 
46713,1,@aprilfoster - Thanks April 
34828,1,@Akelaa haha. unfortunately I'm not talking about me personally...of course I'd use twitter 
80007,1,@chamillionaire lol. Someone brought stash mag to a party to proof to the security he was a rapper before 
17912,0,@ hpapi woah u gud long as u dnt hav a boosie fade or a plies receiding hairline   (He(&lt;)ArT)
96905,0,"@clubjuicy dammit! I told her to send it  Im sorry man... I'm excited to see it, send it my way..."
49912,1,@amandaodt password in ODT thread!  Feel free to help!  
3303,0, our plans changed &amp; we aren't able to see Transforers tonight!! Sorry @justcherie &amp;@brittany_ko make it up to you!!
12299,0,&gt;&gt;&gt; Mood = Crying  boo hoo
95920,1,@CreativeSoul I always have to be specific with my wife when I want to go to the *Apple* store and not the *Mac* store. No makeup buying! 
20886,1,@16_MileyCyrus Monday Night At 9Pm  (On MTV One) (Y) =D
99527,0,@cristina_dr I MISS YOU SO MUCH.  Move back to Lgv nga! We better be classmates next year. :|
8159,0,#unfollowdiddy because the bottlerockets he sold me didn't go anywhere 
59765,1,"@beverly they are amazing! like a softer banana bread covered in peanut butter. We also ended up drizzling chocolate syrup on them, too! "
89567,1,@ClaireS16 thank you 
83838,1,@chingdynasty woah.. that's good news.. spammers should get a life.. lol. 
25036,1,@4barrys    Thanks Scoot-Scoot!  I am so lucky to have you as my &quot;neighbor&quot;... coolest one in the office!  
43149,0,"@angstmann Yep, same here. Apologies for the late reply; I've been twitterless until now. Gorgeous weather in London but work looms "
89281,0,"@babblingbrookie Try being in AZ again brooke, Omg you cant even be outside for less than a minute before getting your neck burned. "
80441,0,"@cardsforheroes I uploaded mine too, but it doesn't blink   I tried a few times and still no luck."
70044,1,"@BrandyWandLover Haha aww bless, tortoises are wierd eh, but harmless  i held that lizzard and it was just still the whole time! wierd!"
75767,1,@buguletzu thanks 
17027,1,@ thanks babe i certainly will 
90451,1,@BackpackingDad Awwwwwwww...that is one good-looking baby!  Great news to wake up to.  Congratulations 
10369,1,"&quot;people change, life changes, friends change, but bud you just gotta move on.&quot;-demi lovato.it's like she knows whats going on right now. "
72353,0,@calvinharris never does 
71956,0,@bridewithbroom LOL Glow Worm!! Omg I wanted one of those but never got one  Im waiting for the 'My Pet Monster' live-action film myself.
33587,1,@airaxDlovesdemi yes please ? 
59284,0,"@BerlianAyudya my little lappy runs both Linux and windows, and windows always has issues with it "
29200,1,@ACiccone Not yet! But looking. 
43505,0,@anjooooo WHAT THE F!!!!   Did it get broken? 
21697,1,@_EpicFail my friend who has camera obsession will come so be sure you'll get some  even some taken especially for you 
9637,0,&quot;Dude u have a naked pic of Jen Aniston on ur site... im not that kinda grl. sorry  &quot; just received this interesting shout on lastfm haha
74045,1,@Caps_Girl LOL... You should totally have shirts made up with that... maybe sell 'em on CafePress or something. 
4225,0,"- My sister Janet's friend Julie passed away this morning from cancer, please say a prayer for her family. She was only 39 - so very sad! "
29959,1,@AlanCarr McFly - Falling in love as I am kind of in the video 
48496,1,@Alyssa_Milano Good evening  You truly are a very inspiring woman...plus your dogs are adorable!!! How are you doing? x
62974,1,@BloggingLance thank you but doesnt work from the iPhone been there done that  no flash with this baby
68986,0,@bubblegarm i tried that yday and failed miserably...LOL! i have no willpower!   it's supposed to clean your system though!xx
93683,0,@bboyvizion I smashed amandas by accident and had to donate mine to make up for it 
32536,1,@agentkebong who doesn't  oh man I LOOOOVE THEEEM !
45653,0,@antothedrew Don't hate me  we all have flaws haha!
67005,0,"@BrittanyHauff Yeah, i'm sick  huhu.. I wanna see them perform together"
70608,1,@androidtomato oh renting 10 inch hero waiting for mail. 
96810,1,"@crystalbutterfl That one deep gash is a doozy, so yeah, still mending, but every day is better "
63850,1,@bolly47 your tweet was just included in The Longest Poem in the World www.longestpoemintheworld.com/tweet/12086/ 
77269,0,@c0074gd  tell me about it. Im on til 6 tonight  Im abt to grab me a 2nd one!
26006,0,"@8bithack Sadly, I was really looking forward to Crimson Skies. It's also d/l'd orig. games that don't work. "
2797,0, I love him so much but our views are so different.
95409,1,@Cineris it's a tough cut. I have an amazong stylist. ;) I actually brought it up even shorter after my Triple Word Score set. 
28991,1,"@ACC1987fans Yeah that's fine,  go ahead!"
48903,1,@Amanda____ im going to call you noww 
47111,1,@AprilRPengilly Do you like it over there in London? That's so cool how your a model and a badass mc! You must be having a great time! 
29662,1,"@akolb2 Hey Ashlie, I just had to follow someone with my own last name  Nice to meet you. Have a great day"
49935,0,@ashmabash take me this time! 
98538,1,@corieography ahh I'd imagine. Gotta do those stairs and squats 
89527,1,@babyblackbear yes! I'm ready. At the same time again? 
62534,0,@blaise_f baahhh I want thai food! I'm jealous 
10355,1,"&quot;Oldtimers, weekends, and airplane landings are alike. If you can walk away from them, they're successful&quot; - Casey Stengel Morning all! "
24304,1,@AC_1 Happy Birthday Andrew! 
76487,0,@caseymariex Hehe I know ....  I wish I could go to those shows with y'all 
20710,0,@_meeks_ i left my house too late to get it. 
76293,0,@cascandar I'm more of a dog person myself. Cats always seem like they have something better to do. Plus I'm alergic 
86294,1,@Ausiray Looks like a great product!    How are you guys?
72749,0,@angie_BBY oh your lucky!! its like FREEZING heree 
17334,1,@___radioactivex i always get sony ericssons.. they pretty good 
77155,1,@aplusk what does ding dong ditch mean? sorry for now knowing. 
7838,0,#myweakness too loving ...i always let negative people into my life 
24379,0,@accesshollywood  Farrah's Story very sad 
38048,1,@alliterating Is Sunday good for the mall? 
14346,1,"...I'm just helping it along with this twitter and putting vids on youtube, cos I really wanna see Ellen come to Oz "
59748,1,"@Beverleyknight all good thanks, hope you all have good time.  "
59286,1,"@berlins that's what i meant, yes "
45532,1,@alisabirks Thank you for the kind #followfriday! Have a good weekend 
36989,0,@AlexislovesJB I'm too un-tired to be silly today  Haha we were just delirious on the phone last night
83595,0,@Chiggady ur bbm message hurts my feelings.  lol
33586,1,@AIRasheville Good point. Thanks for being there for me. 
440,0,  I want a freaking puppy now! A cute little black yorkshire terrier.
45019,0,@antgalvin Hate that 
78389,0,"@archnix hay nku, cnbi mu pa. Haha. Grabe! I almost fell from my seat when i saw him lol. Sayang nga lang kc dq nkta c archie.  pro ok ..."
13115,0,*yucks* what is the big cockroach doing @ B1 wisma Toastbox..  
380,1,- @serialseb Always thought time estimates should use 'value of Pi rule' (x 3.14). Only exception being 'Pi squared rule'. 
83510,1,"@asmaazizanhm that's good, pandai2 sja manage time keh "
77458,0,@cathrynbray sorry 
92327,1,@ColorblindFish Man! You guys are killing me! You just tease! But I like it! Thanks Fish!  Andrea
24644,0,@211me awwww no don't leave us  
29968,1,@AlanCarr you were shuuupberb last night- well done 
9913,1,"&quot;name please&quot; &quot;Dawson, Rose Dawson&quot; aweee sooo cute  i fcking love this movie!!! XD"
55839,0,@BabyLuu not if it's yours. ahahaha jk. missss you 
17223,0,...as much as i like celebrities...following ppl u dnt know &amp; dnt respond is pretty boring 
45609,0,"@AnthxnyJE Thanks. So, doesnt exist a program for backup all our downloads?  . Just All again"
86176,1,"@Aur1 Saw your tweets and I just wanted to say hi! I'm pulling an all-nighter to finish some work. Have a great day, and be good! "
35106,1,@Alvaroyanez thank you  haha we should go all hangout again ha let's go get get something to eat!
61875,0,@BinaryOffbeat I wanna do something too. Pero I'm stuck babysitting tonight 
9278,1,"&quot;I know what you like, I know what you think, not afraid to stare you down until you blink.&quot; I've got nerve  #Miley Cyrus"
95414,0,@CinnamonCloud Nope  and very upset  I like him as an actor! 
2395,0," i am still uber sick (lol, FEVERISH AT LAB TODAY!) and my lab report is barely progressing. FML!!!!! !!!!!!"
71347,0,@Andys184 shes in connecticut all weekend son. 
68819,0,"@bsneed23 oh what a day! Let's see, I lost my keys, dug thru trash &amp; finally called a locksmith. Having one of thoooose days "
67952,1,"@Bookfoolery Oh I saw it! I'd been watching for it, since I posted those just for you. Thank you for your kind words "
87593,0,@ChuckNerd Why Josh Schwartz? We were talking about banana pancakes earlier because the song was stuck in my head... It made me hungry! 
88011,1,@Axika http://twitpic.com/6qh41 - here in Thailand...we just got 'baby panda' ...!!!  
61213,1,@Bffleck When the next film you will be working on? Why does your wife have a twitt account ! Love her too! Blessings! 
45020,1,@antgalvin not shocking - Kilkenny need a bit of a beating every so often 
2960,0, I miss u mum  So much. I wish u were here because u r the one I would be talking about Andrew right now   
99983,0,@CTerry1985 That's the thing; the new raft of Star Wars films were just a raft of #EpicFail s 
96488,0,"@Crow74 I know. I feel I got shot on the side of my head. Hurts down to my jaw, too. "
95659,1,@civlee thankyou so much ! Have a wonderful weekend! 
77355,1,@applecritics Get 100 followers a day using www.tweeterfollow.com Once you add everyone you are on the train or pay vip 
10463,0,&quot;take me with you I start to miss you&quot; 
66433,1,@Bloodywind yeah I ate it. Was too tired &amp; hungry to complain 
72860,1,@britneyxvideo @TammiByrd @4shZoJ welcome 2 our lovely twitt fam...thanx 4 joinin us..&amp; dont b a stranger 
39688,1,@ancesmulles so. when? 
26272,1,@99seats  You'll get the hang of it! 
55235,1,@Barcardicider CONGRATS ON THE JOB!!!!  Knew you'd get it!  \o/ \o/ \o/ \o/ \o/ \o/
31198,1,@adlevocine thank you there 
54306,0,@BadPony  Way you kick me? 
30504,1,@aditya this account may be talking to you a bit... I'm testing stuffs 
88001,0,@chead same....the hero is hottttt. too bad its gsm 
20857,0,@__oddsocks and the exam is in the morning 
40234,1,@amarie226 we're doin pretty good 
